at,endpoint,start,n_tools,tools,token,tts,hear,speak,path,status
13:26:13,1.34892,0.988535,1,0.11,3.472315,2.731233,8.597565,3.349686,stream,complete
13:26:29,1.329847,0.03198,2,0.04,2.688631,0.740779,4.800295,41.492734,stream,complete
13:27:57,1.334037,0.033246,0,0.0,1.374977,0.283693,3.141334,3.268376,stream,complete
13:28:08,1.335339,0.052422,0,0.0,1.695104,0.270146,3.738763,53.05241,stream,complete
13:37:10,1.386038,1.045139,1,0.09,2.576459,0.180522,5.285101,2.67593,stream,complete
13:37:23,1.38241,0.106225,1,0.02,2.36077,0.206789,4.343605,22.15579,stream,complete
13:37:53,1.344281,0.043805,0,0.0,1.543431,0.201411,3.173179,2.768159,stream,complete
13:38:03,1.369299,0.035587,1,0.03,2.494563,0.178942,4.121281,23.186751,stream,complete
13:38:34,1.388653,0.04969,0,0.0,1.488422,0.230005,3.226667,2.555417,stream,complete
13:38:44,1.353377,0.051812,1,0.02,2.340285,0.177059,3.954853,10.314591,stream,complete
13:39:02,1.416889,0.030558,0,0.0,1.536904,0.191464,3.208133,2.493225,stream,complete
13:39:13,1.353826,0.031057,1,0.02,2.432902,0.375711,4.34082,9.394594,stream,complete
13:39:30,1.333063,0.041768,0,0.0,1.544041,0.187422,3.141118,2.487045,stream,complete
13:39:40,1.374892,0.032882,1,0.02,2.409624,0.16661,4.039083,6.360752,stream,complete
13:39:54,1.359558,0.053357,0,0.0,1.466978,0.237156,3.210215,2.658955,stream,complete
13:40:05,1.348202,0.056282,1,0.02,2.498099,0.166767,4.114779,13.87444,stream,complete
13:40:26,1.380775,0.039412,0,0.0,1.37462,0.299238,3.194549,2.567745,stream,complete
13:40:35,1.407022,0.030806,1,0.02,2.73358,0.164514,4.385131,8.521565,stream,complete
13:40:51,1.359974,0.033434,0,0.0,1.729098,0.199275,3.356734,2.547066,stream,complete
13:41:01,1.349142,0.035335,1,0.02,2.388895,0.208057,4.030077,6.294208,stream,complete
13:41:15,1.363108,0.030404,0,0.0,1.613358,0.201381,3.308523,2.648969,stream,complete
13:41:25,1.370882,0.044543,1,0.02,3.100106,0.354948,4.911032,8.925581,stream,complete
13:41:42,1.348652,0.049723,0,0.0,1.430579,0.216958,3.237692,2.588451,stream,complete
13:41:53,1.372974,0.052151,1,0.02,2.494193,0.244382,4.405311,7.263504,stream,complete
